1.490715135239308786e+01,1.078527612087914576e+03,2.628075457633666789e-01,9.664588145923666218e+00,3.891089672034557800e+00,1.820140142891850221e+00,9.812630966345502470e-01,3.577428087942141701e+02,1.939676000309537240e+00,3.398907160111028247e+01
1.001617129975531384e+01,1.229735162560105209e+03,4.996460457465545235e-01,1.489576758364110276e+01,2.885132249289799944e+00,9.312178247317950408e-01,9.972996606293176303e-01,3.600408621472991513e+02,2.200415717241142932e+00,9.997684613408002008e+01
1.490715135239308786e+01,1.078527612087914576e+03,2.628075457633666789e-01,9.664588145923666218e+00,3.891089672034557800e+00,1.736567252376557624e+00,9.812630966345502470e-01,3.577428087942141701e+02,1.939676000309537240e+00,3.398907160111028247e+01
2.004432323664584814e+01,1.085086165888652431e+03,3.484837619839562528e-01,9.439861144602172516e+00,3.502417231955537336e+00,1.786333247829316351e+00,9.667606245405030441e-01,3.597160973726301449e+02,7.725992894621946938e-01,6.904954202114576844e+01
1.000275694716684782e+01,1.240849346288759989e+03,4.997172411327623909e-01,1.485276752963596181e+01,3.095470881898132021e+00,9.892246842476255519e-01,9.999042401794240309e-01,3.564279690232866642e+02,2.740910300694673563e+00,9.991862484222986041e+01
1.004212070775260912e+01,1.170246084207344211e+03,4.981429742273596473e-01,1.491879520684838134e+01,3.211622212721508163e+00,1.034248742390918130e+00,9.995153361571751383e-01,3.597312341940609599e+02,2.389965061129046386e+00,9.988888245736434612e+01
1.252944867130155160e+01,1.174295275684977923e+03,4.960346321784266932e-01,1.428063535797306294e+01,3.363598080585641359e+00,1.170578984938648315e+00,9.959658136389606398e-01,3.615845920242821876e+02,2.174397211868401403e+00,9.996279964768562820e+01
1.001617129975531384e+01,1.229735162560105209e+03,4.997005607731502819e-01,1.489576758364110276e+01,2.885132249289799944e+00,9.488858853846589003e-01,9.972996606293176303e-01,3.600408621472991513e+02,2.200415717241142932e+00,9.998020955082841965e+01
1.752795502150015494e+01,1.170643181877381949e+03,4.983746723225845332e-01,1.109779147077195383e+01,3.219507188447566115e+00,1.649375267950062618e+00,9.778843031248012352e-01,3.623384360989370521e+02,1.719970243005357169e+00,9.884525626641068641e+01
2.096858923513876860e+01,1.130034908578152681e+03,3.204470016512944719e-01,8.966227819612637262e+00,3.491387343209648275e+00,1.771649152997674781e+00,9.667773469617227944e-01,3.598917244437038221e+02,7.579619688178550474e-01,7.267025381506284987e+01
1.007263753309026022e+01,1.170246084207344211e+03,4.981429742273596473e-01,1.496532661798833352e+01,3.211617983819829103e+00,1.071969966170700950e+00,9.998371657727108675e-01,3.597274172174950309e+02,2.510422643833322365e+00,9.988888245736434612e+01
1.898833125933475685e+01,1.119621690602550871e+03,3.785701905227959463e-01,1.043585413852237487e+01,3.388592725110773252e+00,1.771764401012841050e+00,9.985224152675336029e-01,3.520268154048681595e+02,1.563417932479588490e+00,9.843658362777156867e+01
1.010748222695954546e+01,1.169373882866893837e+03,4.992257762953103417e-01,1.487620785853503058e+01,3.199590819601342062e+00,1.114200037509311736e+00,9.996965903659381647e-01,3.608668022465933518e+02,2.302480600261523236e+00,9.908995138127512803e+01
2.072601543946565883e+01,1.130398259836303168e+03,3.548948837541128776e-01,9.439861144602172516e+00,3.539161221751704112e+00,1.772021331307081171e+00,9.860992378448805162e-01,3.599175148463608593e+02,8.519509068552669762e-01,6.997739639648642651e+01
2.048399089768064840e+01,1.082962625515629497e+03,3.784846988836049753e-01,9.345935908541882498e+00,3.517140941784670627e+00,1.650777819448432826e+00,9.963952177689924250e-01,3.537410073615470196e+02,1.236596690708809065e+00,9.163772583330653276e+01
1.914527877036931969e+01,1.141513314352333964e+03,3.224450519226162992e-01,1.074065241927206316e+01,3.527941252905384850e+00,1.770277841119345164e+00,9.670924611116527014e-01,3.603714361596304911e+02,1.009152373413966908e+00,7.234391214924463043e+01
2.006990711599957677e+01,1.167676069818313636e+03,3.821063087847436091e-01,1.018931072484237532e+01,3.341812897579373498e+00,1.642680449887042649e+00,9.774931493420149220e-01,3.584924770316401919e+02,1.170449163385595348e+00,9.861199625934790447e+01
2.071456990926132136e+01,1.200176121188631214e+03,3.669607941821359520e-01,9.967879401974986564e+00,3.492731456729336159e+00,1.763843479635242462e+00,9.668137807180010590e-01,3.605601654750631155e+02,7.203432358634388466e-01,9.113660959681992324e+01
1.803102870238217648e+01,1.203062992279795935e+03,4.880106814502283563e-01,1.025169925402780180e+01,3.201496286270384850e+00,1.726876914325978785e+00,9.999529228729034935e-01,3.614593905340588549e+02,1.737941694410367166e+00,9.998611468182508588e+01
1.000275694716684782e+01,1.244188883302738759e+03,4.997172411327623909e-01,1.485276752963596181e+01,3.095470881898132021e+00,9.894444336690216835e-01,9.999042401794240309e-01,3.600461239282834640e+02,2.740108416756340315e+00,9.975608442159054334e+01
1.300479405585692128e+01,1.168635344176595709e+03,4.996461331382023863e-01,1.294162534754141980e+01,3.190669126752852414e+00,1.097546259824883519e+00,9.955732227127155332e-01,3.598987920485192262e+02,2.511438287494026422e+00,9.993273705499746029e+01
1.703885783730812875e+01,1.171201372952393740e+03,4.952996042610846028e-01,1.156338099441842182e+01,3.219611604045313769e+00,1.369393161428816619e+00,9.778843031248012352e-01,3.622642377312159851e+02,2.564381735989943678e+00,9.856967286020248764e+01
1.892944278820100834e+01,1.138604237378529660e+03,3.785701905227959463e-01,1.042194035058454205e+01,3.388592725110773252e+00,1.771764401012841050e+00,9.984434449338421835e-01,3.520268154048681595e+02,1.542102172180717767e+00,9.623966436017153114e+01
1.666184441949576112e+01,1.170571408055203619e+03,4.887710676344411143e-01,1.160389608523274774e+01,3.224519334059961384e+00,1.642041482239916750e+00,9.938789551561557634e-01,3.594855413309152823e+02,2.002818248137872459e+00,9.968827320664398428e+01
2.081026269534529405e+01,1.130034908578152681e+03,3.506591418423106177e-01,9.832864479391879797e+00,3.492647535491709032e+00,1.762757141661976501e+00,9.685650145196005312e-01,3.626094836152867629e+02,9.141963188883089897e-01,7.153129983349423071e+01
1.490715135239308786e+01,1.078527612087914576e+03,2.628075457633666789e-01,9.664588145923666218e+00,3.891089672034557800e+00,1.758808094586262527e+00,9.816955110097494996e-01,3.577428087942141701e+02,2.040857623546497468e+00,3.398907160111028247e+01
1.702471076952116391e+01,1.170643181877381949e+03,4.983364121024883020e-01,1.068685228235172779e+01,3.219507188447566115e+00,1.545446791393452424e+00,9.778843031248012352e-01,3.622472784855270902e+02,1.979220601168600657e+00,9.878749351974558124e+01
2.006858030334630882e+01,1.161613513846013348e+03,4.425072965495058797e-01,1.014854034411077244e+01,3.207437913867008827e+00,1.778408382990665393e+00,9.999473358206870666e-01,3.592574456899254756e+02,1.520250708459576661e+00,9.953736170188457777e+01
1.914527877036931969e+01,1.138897088787359280e+03,3.363832494592260969e-01,1.069924813864536794e+01,3.530584733786442442e+00,1.792238226653502853e+00,9.251684305401389752e-01,3.622656074192736924e+02,7.229801003031350870e-01,8.035553574977625146e+01
1.248764879960668495e+01,1.145186784100267232e+03,4.961562749806077699e-01,1.308453857111798690e+01,3.343765863604539312e+00,1.188708481381960169e+00,9.791245222070604770e-01,3.615623801437494080e+02,2.427538369222743242e+00,9.958742187752321229e+01
1.803102870238217648e+01,1.168183897450484665e+03,4.880106814502283563e-01,1.025169925402780180e+01,3.261104783865808265e+00,1.705974296234157528e+00,9.999529228729034935e-01,3.614593905340588549e+02,1.481533756034495664e+00,9.988086777126066806e+01
1.884142804486562994e+01,1.118383253856535703e+03,3.654454650068975075e-01,1.019425205368241016e+01,3.484599404982676951e+00,1.771002463632104451e+00,9.964480215114879247e-01,3.504670148165674277e+02,1.238585244939151675e+00,9.899176525827651574e+01
2.006858030334630882e+01,1.173592263060430241e+03,4.973788966422529878e-01,1.016745267004105280e+01,3.205730157009131887e+00,1.778408382990665393e+00,9.955846377751456089e-01,3.615764522889936643e+02,1.520250708459576661e+00,9.954424963970247120e+01
1.308261002433559383e+01,1.170008264509751598e+03,4.897882782400297397e-01,1.327513480646354616e+01,3.238584018626349703e+00,1.212517855254115373e+00,9.977486629674807705e-01,3.615673286754368405e+02,2.178031389661777784e+00,9.988486718468419667e+01
1.898833125933475685e+01,1.190705478835972372e+03,3.291161123155439960e-01,1.048332154740080924e+01,3.486228092915963472e+00,1.767313095362502251e+00,9.844444449140323794e-01,3.509031117813875085e+02,1.524620708132207847e+00,8.887610786778984107e+01
2.071189056939666884e+01,1.190641103202415479e+03,3.210254782465983281e-01,9.478248565361260702e+00,3.491499892975728159e+00,1.664178977206091981e+00,9.860500300088228531e-01,3.588438764666366865e+02,7.251412032361936877e-01,9.051229807871025912e+01
2.006858030334630882e+01,1.155104858201367961e+03,4.425072965495058797e-01,1.017810058548516139e+01,3.207437913867008827e+00,1.778408382990665393e+00,9.999473358206870666e-01,3.597347986521702410e+02,1.423031978804579545e+00,9.971755498457726219e+01
2.076552918419592686e+01,1.130398259836303168e+03,3.698798242415894388e-01,9.227989569720360663e+00,3.486098738875242464e+00,1.840799378916001761e+00,9.860992378448805162e-01,3.595920683541590392e+02,8.792138367148868427e-01,7.455174889965482521e+01
1.031157007406172355e+01,1.190153101423949920e+03,4.998958161397539235e-01,1.432954202205127459e+01,3.191618082471881390e+00,1.111964411532304187e+00,9.999486135267831033e-01,3.608668022465933518e+02,2.381688598352996511e+00,9.892472489055948870e+01
1.695107024725199096e+01,1.169721542616069428e+03,4.892227383215563830e-01,1.160389608523274774e+01,3.143766882565091958e+00,1.440258103355015695e+00,9.556400936558064885e-01,3.629282203878868245e+02,2.003183005522027660e+00,9.974379226983351998e+01
1.029385270003497332e+01,1.163235530782158321e+03,4.993716589864075073e-01,1.428297631331040485e+01,3.273615793269437191e+00,1.180838963082236237e+00,9.946110994338216438e-01,3.586471825985078681e+02,2.392196666358804791e+00,9.787451565467448233e+01
1.069749018379147998e+01,1.190152441610758387e+03,4.998958161397539235e-01,1.487620785853503058e+01,3.199590819601342062e+00,1.113579531378526166e+00,9.999677269123472545e-01,3.571732146349897334e+02,2.381688598352996511e+00,9.989116746756968723e+01
2.005585054325093353e+01,1.177469956415361139e+03,3.821056113333077264e-01,1.042089298438103384e+01,3.207437913867008827e+00,1.563656736435188765e+00,9.921128635047671285e-01,3.586635733121342469e+02,1.751409795809770742e+00,9.896776150828765140e+01
1.912591084329147506e+01,1.186129059016627480e+03,3.379009709653216231e-01,1.060189155658951421e+01,3.587312449566796513e+00,1.735616682175161962e+00,9.999922768917773874e-01,3.610999068089734010e+02,7.676689596268552185e-01,8.173775842628968746e+01
1.702471076952116391e+01,1.170643181877381949e+03,4.983746723225845332e-01,1.157602001163819239e+01,3.219507188447566115e+00,1.316391741127733495e+00,9.778843031248012352e-01,3.622472784855270902e+02,2.564381735989943678e+00,9.856967286020248764e+01
1.898833125933475685e+01,1.119621690602550871e+03,3.849239533653500134e-01,1.009019528363786655e+01,3.388592725110773252e+00,1.766980971824559266e+00,9.358685257976487870e-01,3.507388183669084469e+02,1.563417932479588490e+00,9.843658362777156867e+01
1.069749018379147998e+01,1.190152441610758387e+03,4.998958161397539235e-01,1.487620785853503058e+01,3.199590819601342062e+00,1.113579531378526166e+00,9.999677269123472545e-01,3.608668022465933518e+02,2.381688598352996511e+00,9.985773513784511124e+01
1.311350175768149739e+01,1.161490714748097616e+03,4.793381908556781368e-01,1.300208769272950526e+01,3.447100274474574455e+00,1.240029159467602060e+00,9.996363501246909866e-01,3.614305846250669561e+02,2.134454465642572796e+00,9.958742187752321229e+01
2.006858030334630882e+01,1.191228111793198650e+03,4.425072965495058797e-01,1.017810058548516139e+01,3.208822470244458103e+00,1.799121867974486921e+00,9.999473358206870666e-01,3.597347986521702410e+02,1.423031978804579545e+00,9.861413445123581312e+01
1.886066240830833607e+01,1.173948300527906895e+03,4.425072965495058797e-01,1.014332391722351367e+01,3.481029053801435680e+00,1.776440406819323803e+00,9.987853777901714025e-01,3.534360170030712993e+02,1.418223290706406292e+00,9.715500646641004323e+01
1.274341061793373342e+01,1.162869066397261577e+03,4.982392404402962161e-01,1.337589386755752585e+01,3.499366104973867131e+00,1.568388864425382057e+00,9.931976231520786014e-01,3.592057097491731952e+02,2.144716727553509283e+00,9.441138343960878387e+01
2.072601543946565883e+01,1.130398259836303168e+03,3.548948837541128776e-01,9.439861144602172516e+00,3.486433336556030937e+00,1.772021331307081171e+00,9.860992378448805162e-01,3.599175148463608593e+02,8.519509068552669762e-01,6.997739639648642651e+01
1.185894104798042825e+01,1.130270793020446035e+03,4.998878805069207343e-01,1.486499975801707052e+01,3.199590819601342062e+00,1.113579531378526166e+00,9.999677269123472545e-01,3.586642415528202719e+02,2.049674755863395426e+00,9.989116746756968723e+01
1.891778132741741203e+01,1.118383253856535703e+03,3.654442429302201534e-01,1.019425205368241016e+01,3.514852704698176566e+00,1.746839862076994043e+00,9.965697533840547351e-01,3.516336675535003451e+02,1.238585244939151675e+00,9.899176525827651574e+01
1.883169673445486225e+01,1.118375926077759914e+03,3.790918553378017641e-01,1.021425479873140851e+01,3.388592725110773252e+00,1.770979056679375274e+00,9.965727671184887448e-01,3.519967018842365860e+02,1.235739975347692754e+00,9.843658362777156867e+01
1.342744994715627271e+01,1.194465590168544168e+03,4.982972062080775477e-01,1.284847888256282822e+01,3.235174642329964101e+00,1.318555279196587549e+00,9.979314377924565216e-01,3.615035592187483644e+02,2.135827088250022765e+00,9.970380345764914409e+01
1.342744994715627271e+01,1.194465590168544168e+03,4.913645105350644693e-01,1.296848810812196184e+01,3.233678426295640840e+00,1.318555279196587549e+00,9.795372096522813044e-01,3.615035592187483644e+02,2.135827088250022765e+00,9.986337449106268593e+01
1.272620620950161907e+01,1.188074165099813399e+03,4.965489517948044051e-01,1.394895679210551265e+01,3.206024748879860553e+00,1.108044857898439428e+00,9.985049385368252040e-01,3.588638850785001750e+02,2.704220793135038825e+00,9.988293452445314813e+01
1.343800765759198157e+01,1.195318071529937470e+03,4.902904100869698301e-01,1.371080851826929603e+01,3.222712188539066158e+00,1.371556699497670895e+00,9.746724491890517150e-01,3.615205184644372025e+02,2.135827088250022765e+00,9.986337449106268593e+01
1.691112552028800664e+01,1.169721542616069428e+03,4.868726600137397442e-01,1.144066512948023018e+01,3.224519334059961384e+00,1.642041482239916750e+00,9.939282555518519358e-01,3.594855413309152823e+02,1.982232294104281811e+00,9.968827320664398428e+01
1.004212070775260912e+01,1.170246084207344211e+03,4.981429742273596473e-01,1.487634036725956754e+01,3.211617983819829103e+00,1.034248742390918130e+00,9.998371657727108675e-01,3.597312341940609599e+02,2.389965061129046386e+00,9.988888245736434612e+01
1.010748222695954546e+01,1.169373882866893837e+03,4.992257762953103417e-01,1.487620785853503058e+01,3.199590819601342062e+00,1.059382926996266239e+00,9.996965903659381647e-01,3.608668022465933518e+02,2.378680467434693746e+00,9.998368084367372433e+01
1.911253332152173456e+01,1.167535928550726794e+03,3.450719600004990006e-01,1.061349025562912374e+01,3.584142146686458474e+00,1.760730187883192022e+00,9.998283069229858544e-01,3.626099894347772761e+02,7.806475534658658955e-01,8.176959813165895241e+01
2.029458541914081238e+01,1.161955693069786776e+03,4.799114339550729080e-01,1.017437986802982230e+01,3.233147652134486627e+00,1.832691342675706325e+00,9.999008913026041778e-01,3.594741149588232929e+02,1.195918706439354828e+00,9.785790218306752308e+01
1.630526511774189302e+01,1.200836316001994874e+03,4.988592865486532468e-01,1.170161118298775271e+01,3.219494326018689012e+00,1.538041850859863446e+00,9.860469658938475490e-01,3.614923373206186170e+02,2.095531670670036650e+00,9.981916221163352532e+01
1.642546649160643568e+01,1.200809250384723555e+03,4.946718803559000399e-01,1.157697293552769047e+01,3.219494326018689012e+00,1.538041850859863446e+00,9.863137996823518883e-01,3.614923373206186170e+02,2.095531670670036650e+00,9.927449735727066127e+01
1.115785427277150355e+01,1.174249172183272321e+03,4.999822060164724746e-01,1.432910284502100851e+01,3.199590819601342062e+00,1.113579531378526166e+00,9.999823186877352388e-01,3.615463710483689965e+02,2.412853286618449555e+00,9.959136313852171440e+01
1.344674656522022005e+01,1.181319735568488341e+03,4.991499972361619353e-01,1.329212167878851503e+01,3.356015004224464082e+00,1.433820503483640874e+00,9.853939566313382192e-01,3.586483872950764180e+02,2.143205128638010049e+00,9.960686264639902276e+01
1.343800765759198157e+01,1.195318071529937470e+03,4.902904100869698301e-01,1.371080851826929603e+01,3.329227003888718617e+00,1.418058850227822409e+00,9.450668543861705517e-01,3.607832700616705779e+02,2.176235462905300011e+00,9.991066311564328828e+01
2.041734285838757756e+01,1.167738677268494939e+03,3.845888002302524922e-01,1.000786958242449209e+01,3.241057699635672140e+00,1.619714767131287037e+00,9.997352570936113292e-01,3.593434899660853716e+02,1.489818841418762529e+00,9.819690086939770879e+01
1.156870977202783379e+01,1.161490714748097616e+03,4.793381908556781368e-01,1.321386306656272147e+01,3.447100274474574455e+00,1.259125625027521345e+00,9.996407877207963422e-01,3.614305846250669561e+02,2.134454465642572796e+00,9.958742187752321229e+01
1.344132813632249679e+01,1.194988413115465164e+03,4.998413928989359212e-01,1.375701473560340560e+01,3.404574215923785285e+00,1.420914219101231390e+00,9.993904281598736672e-01,3.619068674109640824e+02,2.150888752887524902e+00,9.982951521591823507e+01
1.892878076327627923e+01,1.172757566763162913e+03,4.679924469544403665e-01,1.078197458530059727e+01,3.231085026703429453e+00,1.583007198837086404e+00,9.932580330208417019e-01,3.591441652685132340e+02,2.106085629645602975e+00,9.556773422287994890e+01
1.695107024725199096e+01,1.182123077554691463e+03,4.875355426695518468e-01,1.157602001163819239e+01,3.141137909798765726e+00,1.386517612416246159e+00,9.860415483043821760e-01,3.605054227777888514e+02,2.199254718050362101e+00,9.910962110162039096e+01
1.344159701239544269e+01,1.195023781243555732e+03,4.952221387048033607e-01,1.371080851826929603e+01,3.233782841893388493e+00,1.371556699497670895e+00,9.746724491890517150e-01,3.615205184644372025e+02,2.135827088250022765e+00,9.986337449106268593e+01
1.186720114394754511e+01,1.190152441610758387e+03,4.998958161397539235e-01,1.487620785853503058e+01,3.199590819601342062e+00,1.113579531378526166e+00,9.999823186877352388e-01,3.608668022465933518e+02,2.381688598352996511e+00,9.985773513784511124e+01
2.000215417742709079e+01,1.184230453831298519e+03,4.389247007706869597e-01,1.017095754474370928e+01,3.238933623420118479e+00,1.489347583117082818e+00,9.936675541629610420e-01,3.594776969892229204e+02,1.985140324178492621e+00,9.788379102201203352e+01
1.687928659774448903e+01,1.170643181877381949e+03,4.983358609904082193e-01,1.157602001163819239e+01,3.219507188447566115e+00,1.536258353585504999e+00,9.821893395779441871e-01,3.622472784855270902e+02,1.976608752212298370e+00,9.884525626641068641e+01
2.008092325315329418e+01,1.202418951360968094e+03,4.293546388598949992e-01,1.017519512555100647e+01,3.205462510485422634e+00,1.781325185970655589e+00,9.993905817744354048e-01,3.594842714281974736e+02,1.338768442488613264e+00,9.852334966944698635e+01
1.149403013553926378e+01,1.161490714748097616e+03,4.793381908556781368e-01,1.320369879782699485e+01,3.459076881346986099e+00,1.252515645216985885e+00,9.996123062383928115e-01,3.614305846250669561e+02,2.133052512329618899e+00,9.987276939359563244e+01
1.991902606493765759e+01,1.188575137808031059e+03,4.084988917795712715e-01,1.021649263010140629e+01,3.239768813195991637e+00,1.768089512694410947e+00,9.997742979255251905e-01,3.578809483634589128e+02,1.247628737729500337e+00,9.861505082216299911e+01
1.186347213294790670e+01,1.190152441610758387e+03,4.994036222191721719e-01,1.486518255167762703e+01,3.199590819601342062e+00,1.113579531378526166e+00,9.999677269123472545e-01,3.571732146349897334e+02,2.185189805632423710e+00,9.989116746756968723e+01
1.914527877036931969e+01,1.141513314352333964e+03,3.525609174378870891e-01,1.069924813864536794e+01,3.527941252905384850e+00,1.770277841119345164e+00,9.670924611116527014e-01,3.610136169032578550e+02,1.009152373413966908e+00,7.153129983349423071e+01
1.898833125933475685e+01,1.119343768513529312e+03,3.865333837692529473e-01,1.061252169941113621e+01,3.382593232952922691e+00,1.777932623796188771e+00,9.883999983943512202e-01,3.600648296686537719e+02,8.667372213731427966e-01,9.285624522709089490e+01
2.086151073473763162e+01,1.130839492207095418e+03,3.511764251618806898e-01,9.341137811002170110e+00,3.492647535491709032e+00,1.805201767611185115e+00,9.667773469617227944e-01,3.587981396769864091e+02,1.017699225657661799e+00,7.153129983349423071e+01
2.000649839156610810e+01,1.204105552411482449e+03,4.293546388598949992e-01,1.017509851625936967e+01,3.205526749760345240e+00,1.641498160958952068e+00,9.993905817744354048e-01,3.594842714281974736e+02,1.719442571166887923e+00,9.852334966944698635e+01
2.071456990926132136e+01,1.195633626143633592e+03,3.673062401834469304e-01,9.967879401974986564e+00,3.492731456729336159e+00,1.763843479635242462e+00,9.668137807180010590e-01,3.606565051819696919e+02,7.251412032361936877e-01,9.051229807871025912e+01
1.892672406304206589e+01,1.157043803682531689e+03,4.637844145832447640e-01,1.022767125246581621e+01,3.235145124026204577e+00,1.668170343112843845e+00,9.964040724153603312e-01,3.541089344074482028e+02,2.133544419660033498e+00,9.849764454023357985e+01
1.310075311602550130e+01,1.144796776360755075e+03,4.898948456708938637e-01,1.334810602030850468e+01,3.355506158644404824e+00,1.233233026297469337e+00,9.787813036734348549e-01,3.615622660448363490e+02,2.430508199593689245e+00,9.988486718468419667e+01
2.076552918419592686e+01,1.130398259836303168e+03,3.698798242415894388e-01,9.227989569720360663e+00,3.486097856838969111e+00,1.840799378916001761e+00,9.860992378448805162e-01,3.595920683541590392e+02,8.792138367148868427e-01,7.348466592314889567e+01
1.803102870238217648e+01,1.171152417527365969e+03,4.981971522706375444e-01,1.068414832283792215e+01,3.201496286270384850e+00,1.726876914325978785e+00,9.999529228729034935e-01,3.622223319524444491e+02,1.529657028095487759e+00,9.875461079594212777e+01
1.001661786814430855e+01,1.188718787595474623e+03,4.994245155479711262e-01,1.419355316414517709e+01,3.191832606658805638e+00,1.195871916113497413e+00,9.946501252333532772e-01,3.568958669857760810e+02,2.399603199963014522e+00,9.949865181513749235e+01
1.991428369544140864e+01,1.170237454325381805e+03,4.084988917795712715e-01,1.021649263010140629e+01,3.239674676489960436e+00,1.768089512694410947e+00,9.997701547434407754e-01,3.594113853878691884e+02,1.235342323076552118e+00,9.656758931939769752e+01
1.911253332152173456e+01,1.167535928550726794e+03,3.450719600004990006e-01,1.061349025562912374e+01,3.584142146686458474e+00,1.760536139661972532e+00,9.998283069229858544e-01,3.621612919092225980e+02,7.806475534658658955e-01,8.176959813165895241e+01
2.088663724537030575e+01,1.130034908578152681e+03,3.485076946528668507e-01,9.858367345582408348e+00,3.492509053425630228e+00,1.762453147259751773e+00,9.667618694959810854e-01,3.606983027383877811e+02,9.112538764827357030e-01,7.144553954509918015e+01
1.950511068397833014e+01,1.118613404419352946e+03,3.849239533653500134e-01,1.037267179958506169e+01,3.392631521839278630e+00,1.766980971824559266e+00,9.617860744801682849e-01,3.507388183669084469e+02,1.472854251665584258e+00,9.843658362777156867e+01
1.892520989726736147e+01,1.188575137808031059e+03,4.079781004126425970e-01,1.009892773184309434e+01,3.249772694339765788e+00,1.768089512694410947e+00,9.999833412188605664e-01,3.592966687819563845e+02,1.247628737729500337e+00,9.914223777905421287e+01
1.884142804486562994e+01,1.118383253856535703e+03,3.654454650068975075e-01,1.021615948711768951e+01,3.479742253284757503e+00,1.771002463632104451e+00,9.964675991333150629e-01,3.507185509309044846e+02,1.243039312171099864e+00,9.898028206700043086e+01
1.950511068397833014e+01,1.119621690602550871e+03,3.849239533653500134e-01,1.037717298711993408e+01,3.388592725110773252e+00,1.766980971824559266e+00,9.358685257976487870e-01,3.507388183669084469e+02,1.563417932479588490e+00,9.843658362777156867e+01
1.185894104798042825e+01,1.192625984016331586e+03,4.998878805069207343e-01,1.486499975801707052e+01,3.199590819601342062e+00,1.113579531378526166e+00,9.999677269123472545e-01,3.586642415528202719e+02,2.185189805632423710e+00,9.989116746756968723e+01
1.703885783730812875e+01,1.170681686718345190e+03,4.929757270043830797e-01,1.156338099441842182e+01,3.216813458380659796e+00,1.369393161428816619e+00,9.778843031248012352e-01,3.588594144216186237e+02,2.477595615728390932e+00,9.856967286020248764e+01
1.344047301937605887e+01,1.173315744520788940e+03,4.946587972715638104e-01,1.326176476630061174e+01,3.166706135958535562e+00,1.244213350802318097e+00,9.962935983602053680e-01,3.610501752810744165e+02,2.176251102400631243e+00,9.988455148987792143e+01
2.029458541914081238e+01,1.191390334715832978e+03,4.424926013579563167e-01,1.017426524212657490e+01,3.233147652134486627e+00,1.836166091939768208e+00,9.999008913026041778e-01,3.597344683865867410e+02,1.195918706439354828e+00,9.655744148851582054e+01
2.007214966350686325e+01,1.208883829940685246e+03,3.791367759600424159e-01,1.019698503892831454e+01,3.341812897579373498e+00,1.666838840592445692e+00,9.949846027894118095e-01,3.588815472698444751e+02,1.184206317922265495e+00,9.987475256093745202e+01
1.914527877036931969e+01,1.141513314352333964e+03,3.525609174378870891e-01,1.069924813864536794e+01,3.527941252905384850e+00,1.770277841119345164e+00,9.670924611116527014e-01,3.610136169032578550e+02,1.085498629796110226e+00,7.153129983349423071e+01
1.912591084329147506e+01,1.186099415663639320e+03,3.481416438474865260e-01,1.060189155658951421e+01,3.587312449566796513e+00,1.760397237557969286e+00,9.999922768917773874e-01,3.610999068089734010e+02,7.676689596268552185e-01,8.173775842628968746e+01
2.086151073473763162e+01,1.130839492207095418e+03,3.511764251618806898e-01,9.341137811002170110e+00,3.492647535491709032e+00,1.793826310640045163e+00,9.667773469617227944e-01,3.587981396769864091e+02,1.017699225657661799e+00,7.153129983349423071e+01
1.302378994678887558e+01,1.168635344176595709e+03,4.991311912860923461e-01,1.360256851228024111e+01,3.190669126752852414e+00,1.097546259824883519e+00,9.955732227127155332e-01,3.598997662042614252e+02,2.511438287494026422e+00,9.993342523020457691e+01
1.991428369544140864e+01,1.188575137808031059e+03,4.084988917795712715e-01,1.021649263010140629e+01,3.247383672641951158e+00,1.768089512694410947e+00,9.997742979255251905e-01,3.597192856283783726e+02,1.247628737729500337e+00,9.912343040450673470e+01
2.044324228445457692e+01,1.184263832653020245e+03,3.817051126522639226e-01,1.000786958242449209e+01,3.241057699635672140e+00,1.594378539546376539e+00,9.996013049972627407e-01,3.593434899660853716e+02,1.489818841418762529e+00,9.980480534249602442e+01
1.898833125933475685e+01,1.190705478835972372e+03,3.818343915692836155e-01,1.048332154740080924e+01,3.486228092915963472e+00,1.767313095362502251e+00,9.775823343149236955e-01,3.509031117813875085e+02,1.524620708132207847e+00,9.301994982784135857e+01
1.186720114394754511e+01,1.190152441610758387e+03,4.998958161397539235e-01,1.432954202205127459e+01,3.199590819601342062e+00,1.113579531378526166e+00,9.999823186877352388e-01,3.608668022465933518e+02,2.381688598352996511e+00,9.889698406252392715e+01
2.042911681691036918e+01,1.210538769484043769e+03,4.883215527499847330e-01,1.017509851625936967e+01,3.202548857895230583e+00,1.724869173198156691e+00,9.994357224106920068e-01,3.595470298241817204e+02,1.732721458027043582e+00,9.584915056772597097e+01
1.974975305710211160e+01,1.210538769484043769e+03,4.821427149296037551e-01,1.027399153855906100e+01,3.202548857895230583e+00,1.724869173198156691e+00,9.994357224106920068e-01,3.595470298241817204e+02,1.732721458027043582e+00,9.584915056772597097e+01
1.344132813632249679e+01,1.195044687662957813e+03,4.991490037155423276e-01,1.382132611344932904e+01,3.404574215923785285e+00,1.433820503483640874e+00,9.855911591637174229e-01,3.619068674109640824e+02,2.135827088250022765e+00,9.960686264639902276e+01
1.914527877036931969e+01,1.141513314352333964e+03,3.523738966221206526e-01,1.069924813864536794e+01,3.527941252905384850e+00,1.770277841119345164e+00,9.670924611116527014e-01,3.610136169032578550e+02,9.352765045378759190e-01,7.411404410358200323e+01
2.000642800635188223e+01,1.204105552411482449e+03,4.279865982755308718e-01,1.018145933905504386e+01,3.207708004045572991e+00,1.641498160958952068e+00,9.993905817744354048e-01,3.594842714281974736e+02,1.671475241371055853e+00,9.848870155914656266e+01
2.005152014169108909e+01,1.090848705040714322e+03,3.484837619839562528e-01,9.439861144602172516e+00,3.512550419908225585e+00,1.786333247829316351e+00,9.667606245405030441e-01,3.594809062469512355e+02,7.916402529060677651e-01,6.926338550475421130e+01
1.898833125933475685e+01,1.119343768513529312e+03,3.865333837692529473e-01,1.059578010434390194e+01,3.388592725110773252e+00,1.766980971824559266e+00,9.990441083196912597e-01,3.600648296686537719e+02,8.667372213731427966e-01,9.744752105603228642e+01
1.274341061793373342e+01,1.162869066397261577e+03,4.982392404402962161e-01,1.337589386755752585e+01,3.499366104973867131e+00,1.568388864425382057e+00,9.984592560440832543e-01,3.592057097491731952e+02,2.002175274446424957e+00,9.441138343960878387e+01
1.898833125933475685e+01,1.190650592312764275e+03,3.818343915692836155e-01,1.049182084488383282e+01,3.486228092915963472e+00,1.763511702214685117e+00,9.775823343149236955e-01,3.509031117813875085e+02,1.524620708132207847e+00,9.301994982784135857e+01
1.991428369544140864e+01,1.188575137808031059e+03,4.084988917795712715e-01,1.021649263010140629e+01,3.239674676489960436e+00,1.768089512694410947e+00,9.997742979255251905e-01,3.594157282592564684e+02,1.247628737729500337e+00,9.912343040450673470e+01
1.069749018379147998e+01,1.190152441610758387e+03,4.998958161397539235e-01,1.487620785853503058e+01,3.198943377469737115e+00,1.113579531378526166e+00,9.999677269123472545e-01,3.595676049052030407e+02,2.381688598352996511e+00,9.985328875823537942e+01
1.803102870238217648e+01,1.203062992279795935e+03,4.880106814502283563e-01,1.017509851625936967e+01,3.201496286270384850e+00,1.726876914325978785e+00,9.994357224106920068e-01,3.614730297574577094e+02,1.737941694410367166e+00,9.588012321964151852e+01
1.322795002177281098e+01,1.173449547741476181e+03,4.999506516804363421e-01,1.322950788111348430e+01,3.238584018626349703e+00,1.247372434802981767e+00,9.959062177217975487e-01,3.616618843690187646e+02,2.178031389661777784e+00,9.988486718468419667e+01
1.344674656522022005e+01,1.181319735568488341e+03,4.991499972361619353e-01,1.311921462359063639e+01,3.404574215923785285e+00,1.433820503483640874e+00,9.853939566313382192e-01,3.586483872950764180e+02,2.135827088250022765e+00,9.774994449473288682e+01
1.991136966097147010e+01,1.147101093807583766e+03,3.784846988836049753e-01,1.022409854977215815e+01,3.514699394993268111e+00,1.653229286195734060e+00,9.996717756141094702e-01,3.544519445646915869e+02,1.236596690708809065e+00,9.163772583330653276e+01
1.306451860539107557e+01,1.144675815494292920e+03,4.959948743607557331e-01,1.247019028663815199e+01,3.447100274474574455e+00,1.240029159467602060e+00,9.796216560386200589e-01,3.616653764003058313e+02,2.178031389661777784e+00,9.958742187752321229e+01
2.044324228445457692e+01,1.184263832653020245e+03,3.817051126522639226e-01,1.000787799741543260e+01,3.241057699635672140e+00,1.594378539546376539e+00,9.996013049972627407e-01,3.593434899660853716e+02,1.489818841418762529e+00,9.980480534249602442e+01
2.029458541914081238e+01,1.191390334715832978e+03,4.424929613718810439e-01,1.017799565335585932e+01,3.233147652134486627e+00,1.832691342675706325e+00,9.999008913026041778e-01,3.594741149588232929e+02,1.195918706439354828e+00,9.837318558870353513e+01
1.344674656522022005e+01,1.181319735568488341e+03,4.991499972361619353e-01,1.311921462359063639e+01,3.404574215923785285e+00,1.433820503483640874e+00,9.853939566313382192e-01,3.586483872950764180e+02,2.135827088250022765e+00,9.960686264639902276e+01
1.725577049498741999e+01,1.141245189112424441e+03,4.983364121024883020e-01,1.083103357522321275e+01,3.219507188447566115e+00,1.498638610575886654e+00,9.665097445005889076e-01,3.622472784855270902e+02,1.979220601168600657e+00,9.878749351974558124e+01
2.012897407396877725e+01,1.181585967042283301e+03,3.755279537861914707e-01,1.017565841998710319e+01,3.341812897579373498e+00,1.642566473339263089e+00,9.774931493420149220e-01,3.598851103959503916e+02,1.146275536027227204e+00,9.987499001687275779e+01
2.091882579801301745e+01,1.123786391221933854e+03,3.548948837541128776e-01,9.335740106076936939e+00,3.486433336556030937e+00,1.772021331307081171e+00,9.860992378448805162e-01,3.556702894300750586e+02,1.184216152224724095e+00,6.997739639648642651e+01
2.263914677588886448e+01,1.144890032819022963e+03,3.450475324995285198e-01,9.438808949346773502e+00,3.336268511162531869e+00,1.596627864725020496e+00,9.770503113995645528e-01,3.544259493468422306e+02,1.236596690708809065e+00,9.912927314627896180e+01
1.306451860539107557e+01,1.144675815494292920e+03,4.959948743607557331e-01,1.308582489931827197e+01,3.447100274474574455e+00,1.240029159467602060e+00,9.796216560386200589e-01,3.616653764003058313e+02,2.178031389661777784e+00,9.958742187752321229e+01
2.006858030334630882e+01,1.190840430340205558e+03,4.425072965495058797e-01,1.017810058548516139e+01,3.207437913867008827e+00,1.778408382990665393e+00,9.999473358206870666e-01,3.597347986521702410e+02,1.296160259458991382e+00,9.861413445123581312e+01
1.691112552028800664e+01,1.169721542616069428e+03,4.887710676344411143e-01,1.160389608523274774e+01,3.224519334059961384e+00,1.642041482239916750e+00,9.938789551561557634e-01,3.594855413309152823e+02,2.002818248137872459e+00,9.968827320664398428e+01
2.044757293263332087e+01,1.144883921714998905e+03,3.450475324995285198e-01,9.438808949346773502e+00,3.514699394993268111e+00,1.651764982796522396e+00,9.964024637676716090e-01,3.537410073615470196e+02,1.236596690708809065e+00,8.121374794107221362e+01
2.029458541914081238e+01,1.191390334715832978e+03,4.424926013579563167e-01,1.017437986802982230e+01,3.233147652134486627e+00,1.832691342675706325e+00,9.999008913026041778e-01,3.594741149588232929e+02,1.195918706439354828e+00,9.783993050580367878e+01
1.321231951613736655e+01,1.161490714748097616e+03,4.800968955603391874e-01,1.323669826498186275e+01,3.447100274474574455e+00,1.382771645484508483e+00,9.996477704431111500e-01,3.614305846250669561e+02,2.218940165035268475e+00,9.958742187752321229e+01
1.399042375518236625e+01,1.173315744520788940e+03,4.897882782400297397e-01,1.322950788111348430e+01,3.319044522051282531e+00,1.212324774001393157e+00,9.962351501302321166e-01,3.610501752810744165e+02,2.178031389661777784e+00,9.988486718468419667e+01
1.010748222695954546e+01,1.169373882866893837e+03,4.992257762953103417e-01,1.487620785853503058e+01,3.199590819601342062e+00,1.059382926996266239e+00,9.996965903659381647e-01,3.608668022465933518e+02,2.378680467434693746e+00,9.992344945052754213e+01
1.898833125933475685e+01,1.119343768513529312e+03,3.865333837692529473e-01,1.061252169941113621e+01,3.388592725110773252e+00,1.766980971824559266e+00,9.987791117465724122e-01,3.600648296686537719e+02,8.667372213731427966e-01,9.843658362777156867e+01
2.086151073473763162e+01,1.130034908578152681e+03,3.508039578582481943e-01,9.863392538731622139e+00,3.492647535491709032e+00,1.762757141661976501e+00,9.667773469617227944e-01,3.606632204329773117e+02,9.112538764827357030e-01,7.153129983349423071e+01
2.048399089768064840e+01,1.130158016906317016e+03,3.705693078184485456e-01,9.341036445328670723e+00,3.517428403552288252e+00,1.650777819448432826e+00,9.963952177689924250e-01,3.537410073615470196e+02,1.236596690708809065e+00,9.085745690071831859e+01
1.904516828984354859e+01,1.147624230290005926e+03,4.423312593338548093e-01,1.017095754474370928e+01,3.233147652134486627e+00,1.639999679842615299e+00,9.957532117290968099e-01,3.594776969892229204e+02,1.703250930721613710e+00,9.452785185479001484e+01
1.274341061793373342e+01,1.162855932053679908e+03,4.982392404402962161e-01,1.337589386755752585e+01,3.508156953736237149e+00,1.580190785073433357e+00,9.931976231520786014e-01,3.592057097491731952e+02,2.144716727553509283e+00,9.441138343960878387e+01
1.898833125933475685e+01,1.119621690602550871e+03,3.865333837692529473e-01,1.075949856439589247e+01,3.388592725110773252e+00,1.766980971824559266e+00,9.987791117465724122e-01,3.600648296686537719e+02,8.667372213731427966e-01,9.843658362777156867e+01
1.700715344328539302e+01,1.171225051478784053e+03,4.986566065498537204e-01,1.068393335532730148e+01,3.219507188447566115e+00,1.536424753535624577e+00,9.788412360286947722e-01,3.622472784855270902e+02,1.979220601168600657e+00,9.879458809412636811e+01
