opr,T4,split,cr,far,p_ratio,IC_ratio,phi_sc,m_wiebe,phi_cd,eta_th,specific_nox,thrust,bpr,bore,bpr piston,m0,T_in_piston,T_out_piston,T35,P max (bar),T max,T_max_twozone,piston_shaft_power,piston_indicated_power,piston_heatloss,m_nox_pe,m_nox_burner,core_power,core_power_per_litre,cooling_ratio,piston_fuelflow,burner_fuelflow,piston_fuelsplit,error,constraint_violation,is_feasible
18.34044009405148,1432.194696065295,5.718740867244332e-05,7.325658298950238,2.440267672451339,0.983104735291918,0.1862602113776709,350.36682181129146,2.2854536340380145,46.94083670016785,0.0,999.0,0.0,0.0,0.0,0.0,0.0,0.0,0.0,0.0,0.0,0.0,0.0,0.0,0.0,0.0,0.0,0.0,0.0,0.0,0.0,0.0,0.0,0.0,0,0.0,False
18.383890288065896,1411.1317002380556,0.10222612486575872,13.6592918003004,2.0821627795937783,1.5034207591605622,0.41730480236712697,356.76069485337257,1.131741223678552,29.905074454243938,0.0,999.0,0.0,0.0,0.0,0.0,0.0,0.0,0.0,0.0,0.0,0.0,0.0,0.0,0.0,0.0,0.0,0.0,0.0,0.0,0.0,0.0,0.0,0.0,0,0.0,False
26.014891373510732,1580.9569454316384,0.15671208907962142,11.615548772362455,4.629167456888115,1.7051459971534626,0.08504421136977791,341.17164349698646,1.2642368880405601,63.90712517147065,0.5410310797368983,1.3050316685370278,27140.999999999978,28.340146392224007,0.14487381029222696,0.40471147938312196,248.660000000516,696.6733243628569,1401.7846543776045,1330.0131510463584,348.805928145778,2651.764761088096,3080.191488624862,3766483.999553202,4225575.337687775,2341275.7636597445,0.027029646777384782,0.008390217738378667,9146598.661570597,159.58381850689773,0.15190056653656267,0.28578776604818545,0.06175725246071723,0.822304308300321,False,350.5905825233825,False
11.966936676661001,1252.6645750030314,0.47894476507525097,9.864818134703189,4.07563134185142,1.1839640679054566,0.6865009276815837,365.0387701569212,0.5822972480488631,57.507215747248374,0.4803393731225556,0.503323259768546,27140.999999999847,15.655111039640547,0.14979953985997158,2.5954799608233294,248.660000000516,486.490361676644,1190.0893940823769,742.7996202947659,109.79128203902614,2135.6620061371377,2698.8854134428816,2642898.525829362,2907925.979986917,921650.166272663,0.012953452522595018,0.0007072440707830097,9048093.168134084,142.79878187456717,0.012839886247246947,0.17317318257878417,0.21800995467965967,0.44269081687019,False,0.0,True
29.777221778129896,1448.8993926279036,0.1402219960322026,12.682072612966374,2.3096780197329263,1.3031041735583146,0.9085955030930956,348.8084244512104,1.7949890236385693,26.501428605913883,0.5103437745123497,0.9705522341449212,27140.999999999774,26.286656495411208,0.18689884098540357,-0.20072602676944834,248.660000000516,684.8324573790175,1004.8805228414227,1081.9614553886638,393.5883235727035,2275.3663206351016,3077.587436576392,3624860.3760898616,4382405.489931277,2711766.6458633086,0.023201647525109795,0.0031401106618172943,8910958.362125885,72.41082018467506,0.08765726812783453,0.2694608011146184,0.09883312962459442,0.7316460539378867,False,243.78904959947292,False
11.966936676661001,1407.5369930517427,0.4847719414447209,9.864818134703189,2.0572865865689445,1.1839640679054566,0.6865009276815837,356.88961917076,0.5822972480488631,58.20434499803576,0.4622178914189233,0.3558914188334723,27140.999999992455,17.889878162167545,0.1952201164289213,0.858596095694351,248.660000000516,485.76580380655076,846.0438197942353,713.1827979397165,107.25379857097649,1638.8244306905215,2692.64799241973,2229207.269024451,2608629.762619842,900788.8388068881,0.008854937627425737,0.0008043113711308503,9111356.448551444,64.96930361541543,0.04975892190747944,0.149097639382406,0.25752208951744743,0.3666758614634936,False,0.0,True
18.34044009405148,1432.194696065295,5.718740867244332e-05,6.651412106427551,2.440267672451339,0.983104735291918,0.1862602113776709,350.36682181129146,2.2854536340380145,46.94083670016785,0.0,999.0,0.0,0.0,0.0,0.0,0.0,0.0,0.0,0.0,0.0,0.0,0.0,0.0,0.0,0.0,0.0,0.0,0.0,0.0,0.0,0.0,0.0,0.0,0,0.0,False
18.154917945844208,1252.6645750030314,0.47894476507525097,9.844419956711338,3.854353953044775,1.5089183689604266,0.6865009276815837,365.0231452135297,0.5694897907478351,57.507215747248374,0.5312803637092657,0.7177276742063659,27140.999999999818,18.140040623765856,0.1548380399321835,1.1970641537837465,248.660000000516,540.7061747259983,1231.667376557056,939.3903154378501,151.64511466747373,2126.3069163249615,2733.8180867929614,3175853.6637250497,3531496.934991392,1386294.723342557,0.018089912997801175,0.0013899338078336722,8924711.325178282,127.54400771617762,0.015096411068171438,0.2332148232225844,0.12036607940304815,0.6595798061794915,False,1.6451146674737345,False
18.383890288065896,1275.1146157958422,0.09325257933452963,13.6592918003004,4.125651125324734,1.5034207591605622,0.41730480236712697,363.7135415554871,1.131741223678552,29.208162268081185,0.5524963718708852,1.0785606247009836,27141.00000000005,22.13612462290308,0.16973829912875987,0.6442926443792583,248.660000000516,620.0073215378126,1247.1819283769644,1076.869753405241,240.58103487146036,2511.175797351463,2973.454671347896,4079691.0319995475,4590370.043086592,1991312.4443848506,0.027700828619807667,0.0015723852952017822,8937490.830812039,96.95605764014996,0.025393434328081853,0.2759388954250316,0.06460481008345274,0.8102892256164659,False,90.58103487146036,False
10.957400910434243,1411.1317002380556,0.10222612486575872,13.679674094193679,2.310758864185005,1.1784664584675264,0.41730480236712697,356.77631936461853,1.1449846200952547,29.905074454243938,0.0,999.0,0.0,0.0,0.0,0.0,0.0,0.0,0.0,0.0,0.0,0.0,0.0,0.0,0.0,0.0,0.0,0.0,0.0,0.0,0.0,0.0,0.0,0.0,0,0.0,False
18.383890288065896,1411.1317002380556,0.10222612486575872,13.6592918003004,2.0821627795937783,1.17516810090134,0.41730480236712697,356.76069485337257,0.5781133485471583,56.36555167799193,0.0,999.0,0.0,0.0,0.0,0.0,0.0,0.0,0.0,0.0,0.0,0.0,0.0,0.0,0.0,0.0,0.0,0.0,0.0,0.0,0.0,0.0,0.0,0.0,0,0.0,False
10.957400910434243,1411.1317002380556,0.10222612486575872,13.679674094193679,2.310758864185005,1.1784664584675264,0.4735281812892653,356.77631936461853,1.1073299554870026,29.905074454243938,0.0,999.0,0.0,0.0,0.0,0.0,0.0,0.0,0.0,0.0,0.0,0.0,0.0,0.0,0.0,0.0,0.0,0.0,0.0,0.0,0.0,0.0,0.0,0.0,0,0.0,False
11.966936676661001,1407.5369930517427,0.4847719414447209,9.864818134703189,2.0572865865689445,1.5122167267275093,0.6865009276815837,356.88961917076,1.1361317083030409,31.743923262918948,0.48551602531210314,0.5544006937528121,27141.000000000007,19.278964120814507,0.21185850145777343,0.5120182749822461,248.660000000516,485.76580380655076,874.4485385266141,787.6551602654354,116.27059463696519,1753.3575821805666,2730.2601574535147,2227151.632506539,2664543.867308315,1083664.343821826,0.013955589468710982,0.0010913997604340947,9071512.309221262,50.610529725028776,0.05292325627269505,0.17071910984660285,0.21642450814275668,0.44097100381826515,False,0.011858501457773424,False
11.747869586681434,1409.0859393525295,0.4847719414447209,9.712985933205017,2.0584857508525722,1.1839640679054566,0.6865009276815837,356.88961917076,0.5822972480488631,58.20434499803576,0.4607019247442073,0.3507847586908524,27140.9999999981,17.835270545890992,0.1960460311065972,0.8749926507316946,248.660000000516,483.5159992529471,846.0969011569657,710.6819176774328,103.70000797186991,1634.5449364335254,2687.772094140337,2213324.3322331463,2588707.5087371552,887015.1690653339,0.008724745068599308,0.0007959040670284515,9116065.660680238,64.18479491383147,0.04995183791558828,0.14830868453324256,0.25966228751975207,0.3635275416457266,False,0.0,True
18.603199997621633,1411.1317002380556,0.10222612486575872,13.811051655491413,2.0809636153101505,1.5034207591605622,0.41730480236712697,356.76069485337257,1.131741223678552,29.905074454243938,0.0,999.0,0.0,0.0,0.0,0.0,0.0,0.0,0.0,0.0,0.0,0.0,0.0,0.0,0.0,0.0,0.0,0.0,0.0,0.0,0.0,0.0,0.0,0.0,0,0.0,False
11.740737271508442,1252.6645750030314,0.4853632940273915,9.864818134703189,2.282480092370344,1.1839640679054566,0.6865009276815837,355.15624012871757,0.5822972480488631,57.507215747248374,0.4703106832497771,0.41679118527819975,27140.99999999193,15.608463383048997,0.19517668608790906,1.1459144287773932,248.660000000516,483.36974837702337,876.0906454871501,697.5258159530819,113.04388234268696,1725.0538074140786,2707.6086885577984,2515258.2092898027,2895257.9034860455,969428.011464953,0.01071073299971588,0.0006013965599163754,9020463.725333387,64.36413274144327,0.012786185575113025,0.16295034913855508,0.23643924827318455,0.4079984811686668,False,0.0,True
11.966936676661001,1407.5369930517427,0.48481448120156917,9.864818134703189,2.05208681417565,1.1839640679054566,0.6865009276815837,359.9320186635266,0.5822972480488631,58.20434499803576,0.4621418040384347,0.3007258074420529,27140.999999998727,17.89012521399346,0.1970919901497137,0.8234145570145133,248.660000000516,485.76052417195746,852.3541928614042,720.5274566538797,100.10572142642565,1607.8498489263732,2665.8430022583734,2225132.3014803566,2610912.784251054,896785.0810123477,0.007334137912744347,0.0008278612270400267,9111159.960958678,63.13433695916592,0.04975884448169861,0.15158828016519085,0.2550971902713956,0.3727408308992629,False,0.0,True
11.974068991833994,1409.0859393525295,0.47887569274906616,9.712985933205017,3.862835375410588,1.1839640679054566,0.6865009276815837,365.20405224825606,0.5822972480488631,58.20434499803576,0.4701948698211675,0.42964038312521313,27140.999999999978,17.869878376124944,0.145586874797027,2.3580546028253715,248.660000000516,486.5719919125131,1159.6440432809866,753.1511271453459,104.99671451474468,2072.376375413757,2683.4398533658828,2343950.2086524824,2592031.216455497,834440.8672637613,0.010717709218768698,0.0009431604196327025,9147137.213054558,157.25968461926107,0.050143746389541693,0.15510989205937406,0.24481545571383637,0.3878471142752716,False,0.0,True
11.966936676661001,1194.8072002136491,0.47890222531840265,9.864818134703189,4.104178172020774,1.1839640679054566,0.6865009276815837,365.0858529388176,0.5822972480488631,57.507215747248374,0.4843013844436182,0.529774612152252,27141.000000000022,14.786731787331346,0.15311710023458955,2.630896443450933,248.660000000516,486.49566094241374,1195.5012212175577,740.0944988686927,109.92963367807144,2143.384942127863,2700.247582789724,2781430.4058969384,3057175.621109998,964526.7141713691,0.013751058470655123,0.0006275542777691592,9007411.35164574,133.11524208091808,0.0,0.18218401269378945,0.20569548569920576,0.4696922973464368,False,0.0,True
11.747869586681434,1413.1720303006948,0.4845898577983566,9.865689365483355,2.0584857508525722,1.1839640679054566,0.6865009276815837,356.3644742576623,0.5822972480488631,57.539113917575996,0.4604456773858733,0.3579255606401739,27141.000000007385,17.894562110388435,0.1951665970034877,0.8856210067585775,248.660000000516,483.5383359811525,842.8376705508558,707.9153884232067,107.07530056919266,1645.0189011020102,2695.382004051228,2208624.5692910254,2583863.5625904715,888169.4458358628,0.008923047210130174,0.0007914104312074304,9117783.175291067,65.06863079413966,0.050894781711718816,0.14700996564836252,0.2611926839644022,0.36013966540349823,False,0.0,True
12.29379752749156,1383.0979273386097,0.48481448120156917,9.864818134703189,2.05208681417565,1.1839640679054566,0.6865009276815837,355.30194406378814,0.5822972480488631,58.20434499803576,0.46552648457403256,0.3829189703092523,27141.000000000036,17.65798067478917,0.19545714658576058,0.8389317867794024,248.660000000516,489.06287231659155,844.8349471023508,714.7219354957219,113.43556965829035,1657.543599653462,2707.1530703704116,2287826.9345735675,2673989.0481145987,935712.0460961573,0.00960694452091552,0.0007858592522479108,9091089.293395786,64.58923448692025,0.0442956673182442,0.1521793137249963,0.2514920702171771,0.3769881140417827,False,0.0,True
12.596135418982408,1252.2462834082983,0.48481448120156917,9.864818134703189,2.056378827231237,1.1839640679054566,0.6865009276815837,355.158262249436,1.2018788061317331,58.21836385495159,0.47426930917135723,0.3537187313622146,27141.000000000124,15.87116740571824,0.2075697868690677,0.7701981029020053,248.660000000516,492.0617611610294,863.7557386878732,728.4418920572301,100.35655058858954,1600.1579656992965,2661.297005787814,2540595.3433289826,2976819.4633540274,1026636.8163082837,0.008923158235712386,0.0006771218521895255,8997283.905803038,53.37254148146957,0.012854640827905944,0.17519683980970324,0.2208094888887702,0.4424091917558756,False,0.007569786869067702,False
11.813201957821262,1194.8072002136491,0.4846361465516379,9.864818134703189,4.229303849450641,1.1839640679054566,0.6088425076767724,359.8691196925024,0.546753890121406,58.21492173746214,0.48518745354586357,0.5696787808888586,27141.000000000007,14.710852518740511,0.1499165512416614,2.8750666343401816,248.660000000516,492.0531497511873,1191.4994945079825,730.9181535311196,127.91209680756735,2227.8404176478293,2749.814519749351,2799017.7343464275,3064625.495004067,979686.0659682862,0.014851215639490902,0.0006104361526136141,9015924.05613888,141.9581637389919,0.0,0.17675842012540624,0.21045969095905276,0.45648283245421895,False,0.0,True
11.748385550003166,1252.6645750030314,0.4853632940273915,9.864818134703189,2.282480092370344,1.1839640679054566,0.6865009276815837,359.78631472845586,0.5822972480488631,57.507215747248374,0.4704517606352628,0.35338641045568275,27141.000000007327,15.6085159027247,0.19730878927002565,1.0987654944047383,248.660000000516,483.44880610467106,887.3283856283383,707.2553607311198,101.95581548636729,1679.0270499872572,2670.296967241717,2511753.3502227496,2899292.4995389814,957815.6475773253,0.008968503369994598,0.0006227571961856761,9021407.58441907,62.30657611952041,0.01278759205875942,0.16661051488028936,0.23266267609495486,0.41728450255659555,False,0.0,True
11.740737271508442,1407.9552846406648,0.4853632940273915,9.864818134703189,2.2781969485062437,1.1839640679054566,0.649969610962023,359.92999654280794,0.5822972480488631,57.49319689033254,0.4625554025176617,0.3145489124872878,27141.000000000182,17.80339910513294,0.18788563971981634,1.054585073973895,248.660000000516,487.0509406910837,887.9531653584444,720.3965376009754,101.50806372529094,1679.2369595785685,2668.490392696385,2247358.04421157,2602771.4407422333,884646.5087756286,0.0077106158857078,0.0008265561481097341,9124233.897291442,72.9817920611556,0.04993936928536401,0.1500447910845764,0.25634416688439804,0.3692147341661569,False,0.0,True
